{"cameraMode":{"drawMode":0,"name":"Shaded","section":"Shading Mode"},"sceneLighting":true,"audioPlay":false,"sceneViewState":{"m_AlwaysRefresh":false,"showFog":true,"showSkybox":true,"showFlares":true,"showImageEffects":true,"showParticleSystems":true,"showVisualEffectGraphs":true,"m_FxEnabled":true},"in2DMode":false,"pivot":{"x":-4.644794464111328,"y":-0.4430687427520752,"z":10.910271644592286},"rotation":{"x":0.07736397534608841,"y":-0.3039413392543793,"z":0.024738825857639314,"w":0.9492620825767517},"size":15.683150291442871,"orthographic":false}